Workbook

Sheet HuongDan
A1: FILE MÔ PHỎNG ENGINE TÍNH ĐIỂM KPI THEO 3 NHÓM ĐỐI TƯỢNG
A2: (Theo Quy định số …-QĐ/TU của BTV Tỉnh ủy Thanh Hóa; Nghị định 335/2025/NĐ-CP; Hướng dẫn 02-HD/BTCTW)
A4: QUY ƯỚC MÀU: chữ XANH = ô nhập liệu; chữ ĐEN = công thức tự tính, không sửa.
A6: QUY TRÌNH SỬ DỤNG:
A7: Bước 1 - Sheet 'DanhMuc': danh mục sản phẩm/công việc 3 phần (I: chuyên môn; II: lãnh đạo; III: hỗ trợ) kèm điểm, hệ số quy đổi.
A8: Bước 2 - Sheet 'NhanSu': khai báo cán bộ, chọn Nhóm (LDQL/CMNV/HTPV) - đây là 'công tắc' quyết định công thức KPI.
A9: Bước 3 - Sheet 'GiaoViec': mỗi dòng = một nhiệm vụ giao trong kỳ. Nhập SL giao, SL hoàn thành, SL đạt chất lượng, số lần sai sót lớn, SL đạt tiến độ, số lần chậm. Hệ số và các cột quy đổi tự tính.
A10: Bước 4 - Sheet 'TieuChiChung': nhập điểm tiêu chí chung tự chấm (tối đa 30) và điểm trừ; phiếu áp dụng (Phụ lục 01/02/03) tự hiển thị theo nhóm.
A11: Bước 5 - Sheet 'KPI_TongHop': với cán bộ LDQL, chọn d, đ, e (100 hoặc 50) theo khoản 2 Điều 7. Các cột a, b, c, KPI, Tổng điểm, Xếp loại tự tính.
A12: Bước 6 - Sheet 'ThongKe': kiểm soát trần 20% xếp loại Hoàn thành xuất sắc so với số Hoàn thành tốt.
A14: CÔNG THỨC LÕI:
A15: a = min(100; Σ SL hoàn thành quy đổi / Σ SL giao quy đổi × 100)
... A21: Xếp loại: A ≥ 90; B: 70 - <90; C: 50 - <70; D: < 50 (các điều kiện phụ tại Điều 8 kiểm tra thủ công/trong phần mềm).

Sheet DanhMuc
A1: Mã SP | B1: Nhiệm vụ gắn với sản phẩm/công việc đầu ra | C1: Đơn vị tính | D1: Phần | E1: Điểm | F1: Hệ số quy đổi
A2: I.01 | B2: Xây dựng chương trình, kế hoạch công tác năm của Thường trực HĐND tỉnh, Đoàn ĐBQH tỉnh | C2: 01 chương trình/kế hoạch | D2: I | E2: 200 | F2: 2
A3: I.02 | B3: Xây dựng kế hoạch công tác tháng, quý của Văn phòng | C3: 01 kế hoạch | D3: I | E3: 110 | F3: 1.1
A4: I.03 | B4: Báo cáo tuần phục vụ giao ban | C4: 01 báo cáo | D4: I | E4: 100 | F4: 1
A5: I.04 | B5: Báo cáo công tác tháng, quý, 6 tháng, năm | C5: 01 báo cáo | D5: I | E5: 160 | F5: 1.6
A6: I.05 | B6: Soạn thảo văn bản hành chính thông thường (đơn vị chuẩn) | C6: 01 văn bản | D6: I | E6: 100 | F6: 1
A7: I.06 | B7: Tham mưu chương trình, nội dung, tài liệu phiên họp Thường trực HĐND tỉnh | C7: 01 phiên họp | D7: I | E7: 160 | F7: 1.6
A8: I.07 | B8: Ghi biên bản phiên họp, cuộc họp | C8: 01 biên bản | D8: I | E8: 110 | F8: 1.1
A9: I.08 | B9: Dự thảo thông báo kết luận phiên họp | C9: 01 thông báo | D9: I | E9: 130 | F9: 1.3
A10: I.09 | B10: Tham mưu kế hoạch tổ chức kỳ họp; dự kiến chương trình kỳ họp | C10: 01 kỳ họp | D10: I | E10: 190 | F10: 1.9
A11: I.10 | B11: Rà soát, biên tập, tổng hợp hồ sơ, tài liệu trình kỳ họp | C11: 01 nội dung/bộ hồ sơ | D11: I | E11: 140 | F11: 1.4
A12: I.11 | B12: Dự thảo nghị quyết trình kỳ họp | C12: 01 dự thảo nghị quyết | D12: I | E12: 200 | F12: 2
A13: I.12 | B13: Tổng hợp ý kiến thảo luận tại tổ, hội trường | C13: 01 báo cáo tổng hợp | D13: I | E13: 170 | F13: 1.7
... A49: III.06 | B49: Phục vụ lễ tân, khánh tiết, đón tiếp khách | C49: 01 lượt/sự kiện | D49: III | E49: 90 | F49: 0.9

Sheet NhanSu
A1: Mã CB | B1: Họ và tên | C1: Chức vụ | D1: Nhóm đối tượng | E1: Đơn vị | F1: Lãnh đạo trực tiếp
A2: CB01 | B2: Nguyễn Văn A | C2: Chánh Văn phòng | D2: LDQL | E2: Lãnh đạo Văn phòng
A3: CB02 | B3: Trần Thị B | C3: Trưởng phòng Công tác HĐND | D3: LDQL | E3: Phòng Công tác HĐND | F3: CB01
A4: CB03 | B4: Lê Văn C | C4: Chuyên viên | D4: CMNV | E4: Phòng Công tác HĐND | F4: CB02
A5: CB04 | B5: Phạm Thị D | C5: Chuyên viên | D5: CMNV | E5: Phòng Công tác HĐND | F5: CB02
A6: CB05 | B6: Hoàng Văn E | C6: Kế toán | D6: CMNV | E6: Phòng HC-TC-QT | F6: CB01
A7: CB06 | B7: Vũ Thị G | C7: Văn thư | D7: CMNV | E7: Phòng HC-TC-QT | F7: CB01
A8: CB07 | B8: Đỗ Văn H | C8: Lái xe | D8: HTPV | E8: Phòng HC-TC-QT | F8: CB01
A9: CB08 | B9: Ngô Thị K | C9: Nhân viên phục vụ | D9: HTPV | E9: Phòng HC-TC-QT | F9: CB01

Sheet TieuChiChung
A1: Mã CB | B1: Họ và tên | C1: Nhóm | D1: Phiếu tiêu chí áp dụng | E1: Điểm tiêu chí chung tự chấm (≤30) | F1: Điểm trừ | G1: Cảnh báo
A2: =NhanSu!A2 -> CB01 | B2: =NhanSu!B2 -> Nguyễn Văn A | C2: =NhanSu!D2 -> LDQL | D2: =IF(C2="LDQL","Phụ lục 03",IF(C2="HTPV","Phụ lục 02","Phụ lục 01")) -> Phụ lục 03 | E2: 28 | F2: 0 | G2: =IF(E2>30,"VƯỢT TRẦN 30 ĐIỂM","")
A3: =NhanSu!A3 -> CB02 | B3: =NhanSu!B3 -> Trần Thị B | C3: =NhanSu!D3 -> LDQL | D3: =IF(C3="LDQL","Phụ lục 03",IF(C3="HTPV","Phụ lục 02","Phụ lục 01")) -> Phụ lục 03 | E3: 27 | F3: 0 | G3: =IF(E3>30,"VƯỢT TRẦN 30 ĐIỂM","")
A4: =NhanSu!A4 -> CB03 | B4: =NhanSu!B4 -> Lê Văn C | C4: =NhanSu!D4 -> CMNV | D4: =IF(C4="LDQL","Phụ lục 03",IF(C4="HTPV","Phụ lục 02","Phụ lục 01")) -> Phụ lục 01 | E4: 27 | F4: 0 | G4: =IF(E4>30,"VƯỢT TRẦN 30 ĐIỂM","")
A5: =NhanSu!A5 -> CB04 | B5: =NhanSu!B5 -> Phạm Thị D | C5: =NhanSu!D5 -> CMNV | D5: =IF(C5="LDQL","Phụ lục 03",IF(C5="HTPV","Phụ lục 02","Phụ lục 01")) -> Phụ lục 01 | E5: 26 | F5: 0 | G5: =IF(E5>30,"VƯỢT TRẦN 30 ĐIỂM","")
A6: =NhanSu!A6 -> CB05 | B6: =NhanSu!B6 -> Hoàng Văn E | C6: =NhanSu!D6 -> CMNV | D6: =IF(C6="LDQL","Phụ lục 03",IF(C6="HTPV","Phụ lục 02","Phụ lục 01")) -> Phụ lục 01 | E6: 27 | F6: 0 | G6: =IF(E6>30,"VƯỢT TRẦN 30 ĐIỂM","")
A7: =NhanSu!A7 -> CB06 | B7: =NhanSu!B7 -> Vũ Thị G | C7: =NhanSu!D7 -> CMNV | D7: =IF(C7="LDQL","Phụ lục 03",IF(C7="HTPV","Phụ lục 02","Phụ lục 01")) -> Phụ lục 01 | E7: 26 | F7: 0 | G7: =IF(E7>30,"VƯỢT TRẦN 30 ĐIỂM","")
A8: =NhanSu!A8 -> CB07 | B8: =NhanSu!B8 -> Đỗ Văn H | C8: =NhanSu!D8 -> HTPV | D8: =IF(C8="LDQL","Phụ lục 03",IF(C8="HTPV","Phụ lục 02","Phụ lục 01")) -> Phụ lục 02 | E8: 27 | F8: 0 | G8: =IF(E8>30,"VƯỢT TRẦN 30 ĐIỂM","")
A9: =NhanSu!A9 -> CB08 | B9: =NhanSu!B9 -> Ngô Thị K | C9: =NhanSu!D9 -> HTPV | D9: =IF(C9="LDQL","Phụ lục 03",IF(C9="HTPV","Phụ lục 02","Phụ lục 01")) -> Phụ lục 02 | E9: 26 | F9: 0 | G9: =IF(E9>30,"VƯỢT TRẦN 30 ĐIỂM","")

Sheet GiaoViec
A1: Kỳ đánh giá | B1: Mã CB | C1: Mã SP | D1: SL giao | E1: SL hoàn thành | F1: SL đạt chất lượng ngay | G1: SL có sai sót lớn (trừ 25%/SP) | H1: SL đúng tiến độ | I1: SL hoàn thành chậm (trừ 25%/SP) | J1: Nguồn (KH/ĐX) | K1: Hệ số quy đổi | L1: SL giao quy đổi | M1: SL HT quy đổi | N1: SL đạt CL quy đổi (đã trừ) | O1: SL đạt TĐ quy đổi (đã trừ)
A2: 07/2026 | B2: CB01 | C2: II.01 | D2: 1 | E2: 1 | F2: 1 | G2: 0 | H2: 1 | I2: 0 | J2: KH | K2: =IFERROR(VLOOKUP(C2,DanhMuc!$A$2:$F$49,6,0),0) -> 1.3 | L2: =D2*K2 -> 1.3 | M2: =E2*K2 -> 1.3 | N2: =(F2+G2*0.75)*K2 -> 1.3 | O2: =(H2+I2*0.75)*K2 -> 1.3
A3: 07/2026 | B3: CB01 | C3: II.02 | D3: 4 | E3: 4 | F3: 4 | G3: 0 | H3: 4 | I3: 0 | J3: KH | K3: =IFERROR(VLOOKUP(C3,DanhMuc!$A$2:$F$49,6,0),0) -> 1.1 | L3: =D3*K3 -> 4.4 | M3: =E3*K3 -> 4.4 | N3: =(F3+G3*0.75)*K3 -> 4.4 | O3: =(H3+I3*0.75)*K3 -> 4.4
A4: 07/2026 | B4: CB01 | C4: II.03 | D4: 30 | E4: 30 | F4: 30 | G4: 0 | H4: 29 | I4: 1 | J4: KH | K4: =IFERROR(VLOOKUP(C4,DanhMuc!$A$2:$F$49,6,0),0) -> 1.1 | L4: =D4*K4 -> 33 | M4: =E4*K4 -> 33 | N4: =(F4+G4*0.75)*K4 -> 33 | O4: =(H4+I4*0.75)*K4 -> 32.725
A5: 07/2026 | B5: CB01 | C5: II.06 | D5: 1 | E5: 1 | F5: 1 | G5: 0 | H5: 1 | I5: 0 | J5: KH | K5: =IFERROR(VLOOKUP(C5,DanhMuc!$A$2:$F$49,6,0),0) -> 1.3 | L5: =D5*K5 -> 1.3 | M5: =E5*K5 -> 1.3 | N5: =(F5+G5*0.75)*K5 -> 1.3 | O5: =(H5+I5*0.75)*K5 -> 1.3
A6: 07/2026 | B6: CB01 | C6: I.04 | D6: 1 | E6: 1 | F6: 1 | G6: 0 | H6: 1 | I6: 0 | J6: KH | K6: =IFERROR(VLOOKUP(C6,DanhMuc!$A$2:$F$49,6,0),0) -> 1.6 | L6: =D6*K6 -> 1.6 | M6: =E6*K6 -> 1.6 | N6: =(F6+G6*0.75)*K6 -> 1.6 | O6: =(H6+I6*0.75)*K6 -> 1.6
A7: 07/2026 | B7: CB02 | C7: II.01 | D7: 1 | E7: 1 | F7: 1 | G7: 0 | H7: 1 | I7: 0 | J7: KH | K7: =IFERROR(VLOOKUP(C7,DanhMuc!$A$2:$F$49,6,0),0) -> 1.3 | L7: =D7*K7 -> 1.3 | M7: =E7*K7 -> 1.3 | N7: =(F7+G7*0.75)*K7 -> 1.3 | O7: =(H7+I7*0.75)*K7 -> 1.3
A8: 07/2026 | B8: CB02 | C8: II.05 | D8: 4 | E8: 4 | F8: 4 | G8: 0 | H8: 4 | I8: 0 | J8: KH | K8: =IFERROR(VLOOKUP(C8,DanhMuc!$A$2:$F$49,6,0),0) -> 1.2 | L8: =D8*K8 -> 4.8 | M8: =E8*K8 -> 4.8 | N8: =(F8+G8*0.75)*K8 -> 4.8 | O8: =(H8+I8*0.75)*K8 -> 4.8
A9: 07/2026 | B9: CB02 | C9: I.11 | D9: 2 | E9: 2 | F9: 1 | G9: 1 | H9: 2 | I9: 0 | J9: KH | K9: =IFERROR(VLOOKUP(C9,DanhMuc!$A$2:$F$49,6,0),0) -> 2 | L9: =D9*K9 -> 4 | M9: =E9*K9 -> 4 | N9: =(F9+G9*0.75)*K9 -> 3.5 | O9: =(H9+I9*0.75)*K9 -> 4
A10: 07/2026 | B10: CB02 | C10: I.17 | D10: 1 | E10: 1 | F10: 1 | G10: 0 | H10: 0 | I10: 1 | J10: ĐX | K10: =IFERROR(VLOOKUP(C10,DanhMuc!$A$2:$F$49,6,0),0) -> 2 | L10: =D10*K10 -> 2 | M10: =E10*K10 -> 2 | N10: =(F10+G10*0.75)*K10 -> 2 | O10: =(H10+I10*0.75)*K10 -> 1.5
A11: 07/2026 | B11: CB03 | C11: I.05 | D11: 20 | E11: 19 | F11: 19 | G11: 0 | H11: 18 | I11: 1 | J11: KH | K11: =IFERROR(VLOOKUP(C11,DanhMuc!$A$2:$F$49,6,0),0) -> 1 | L11: =D11*K11 -> 20 | M11: =E11*K11 -> 19 | N11: =(F11+G11*0.75)*K11 -> 19 | O11: =(H11+I11*0.75)*K11 -> 18.75
A12: 07/2026 | B12: CB03 | C12: I.25 | D12: 15 | E12: 15 | F12: 14 | G12: 1 | H12: 15 | I12: 0 | J12: KH | K12: =IFERROR(VLOOKUP(C12,DanhMuc!$A$2:$F$49,6,0),0) -> 0.9 | L12: =D12*K12 -> 13.5 | M12: =E12*K12 -> 13.5 | N12: =(F12+G12*0.75)*K12 -> 13.275 | O12: =(H12+I12*0.75)*K12 -> 13.5
A13: 07/2026 | B13: CB03 | C13: I.26 | D13: 10 | E13: 10 | F13: 10 | G13: 0 | H13: 9 | I13: 1 | J13: KH | K13: =IFERROR(VLOOKUP(C13,DanhMuc!$A$2:$F$49,6,0),0) -> 1 | L13: =D13*K13 -> 10 | M13: =E13*K13 -> 10 | N13: =(F13+G13*0.75)*K13 -> 10 | O13: =(H13+I13*0.75)*K13 -> 9.75
... A25: 07/2026 | B25: CB08 | C25: III.01 | D25: 4 | E25: 4 | F25: 3 | G25: 1 | H25: 4 | I25: 0 | J25: KH | K25: =IFERROR(VLOOKUP(C25,DanhMuc!$A$2:$F$49,6,0),0) -> 0.8 | L25: =D25*K25 -> 3.2 | M25: =E25*K25 -> 3.2 | N25: =(F25+G25*0.75)*K25 -> 3 | O25: =(H25+I25*0.75)*K25 -> 3.2

Sheet KPI_TongHop
A1: Kỳ đánh giá: | B1: 07/2026
A3: Mã CB | B3: Họ và tên | C3: Nhóm | D3: a - Số lượng (%) | E3: b - Chất lượng (%) | F3: c - Tiến độ (%) | G3: d (100/50) | H3: đ (100/50) | I3: e (100/50) | J3: Điểm KPI | K3: Điểm tiêu chí chung | L3: Điểm trừ | M3: TỔNG ĐIỂM KỲ | N3: XẾP LOẠI
A4: =NhanSu!A2 -> CB01 | B4: =NhanSu!B2 -> Nguyễn Văn A | C4: =NhanSu!D2 -> LDQL | D4: =MIN(100,IFERROR(SUMIFS(GiaoViec!$M$2:$M$25,GiaoViec!$B$2:$B$25,$A4,GiaoViec!$A$2:$A$25,$B$1)/SUMIFS(GiaoViec!$L$2:$L$25,GiaoViec!$B$2:$B$25,$A4,GiaoViec!$A$2:$A$25,$B$1)*100,0)) -> 100 | E4: =MIN(100,IFERROR(SUMIFS(GiaoViec!$N$2:$N$25,GiaoViec!$B$2:$B$25,$A4,GiaoViec!$A$2:$A$25,$B$1)/SUMIFS(GiaoViec!$L$2:$L$25,GiaoViec!$B$2:$B$25,$A4,GiaoViec!$A$2:$A$25,$B$1)*100,0)) -> 100 | F4: =MIN(100,IFERROR(SUMIFS(GiaoViec!$O$2:$O$25,GiaoViec!$B$2:$B$25,$A4,GiaoViec!$A$2:$A$25,$B$1)/SUMIFS(GiaoViec!$L$2:$L$25,GiaoViec!$B$2:$B$25,$A4,GiaoViec!$A$2:$A$25,$B$1)*100,0)) -> 99.338942 | G4: 100 | H4: 100 | I4: 100 | J4: =ROUND(IF(C4="LDQL",(D4+E4+F4+G4+H4+I4)/6,(D4+E4+F4)/3),2) -> 99.89 | K4: =VLOOKUP(A4,TieuChiChung!$A$2:$F$9,5,0) -> 28 | L4: =VLOOKUP(A4,TieuChiChung!$A$2:$F$9,6,0) -> 0 | M4: =ROUND(K4+J4*0.7-L4,2) -> 97.92 | N4: =IF(M4>=90,"A - Hoàn thành xuất sắc",IF(M4>=70,"B - Hoàn thành tốt",IF(M4>=50,"C - Hoàn thành","D - Không hoàn thành"))) -> A - Hoàn thành xuất sắc
A5: =NhanSu!A3 -> CB02 | B5: =NhanSu!B3 -> Trần Thị B | C5: =NhanSu!D3 -> LDQL | D5: =MIN(100,IFERROR(SUMIFS(GiaoViec!$M$2:$M$25,GiaoViec!$B$2:$B$25,$A5,GiaoViec!$A$2:$A$25,$B$1)/SUMIFS(GiaoViec!$L$2:$L$25,GiaoViec!$B$2:$B$25,$A5,GiaoViec!$A$2:$A$25,$B$1)*100,0)) -> 100 | E5: =MIN(100,IFERROR(SUMIFS(GiaoViec!$N$2:$N$25,GiaoViec!$B$2:$B$25,$A5,GiaoViec!$A$2:$A$25,$B$1)/SUMIFS(GiaoViec!$L$2:$L$25,GiaoViec!$B$2:$B$25,$A5,GiaoViec!$A$2:$A$25,$B$1)*100,0)) -> 95.867769 | F5: =MIN(100,IFERROR(SUMIFS(GiaoViec!$O$2:$O$25,GiaoViec!$B$2:$B$25,$A5,GiaoViec!$A$2:$A$25,$B$1)/SUMIFS(GiaoViec!$L$2:$L$25,GiaoViec!$B$2:$B$25,$A5,GiaoViec!$A$2:$A$25,$B$1)*100,0)) -> 95.867769 | G5: 100 | H5: 50 | I5: 100 | J5: =ROUND(IF(C5="LDQL",(D5+E5+F5+G5+H5+I5)/6,(D5+E5+F5)/3),2) -> 90.29 | K5: =VLOOKUP(A5,TieuChiChung!$A$2:$F$9,5,0) -> 27 | L5: =VLOOKUP(A5,TieuChiChung!$A$2:$F$9,6,0) -> 0 | M5: =ROUND(K5+J5*0.7-L5,2) -> 90.2 | N5: =IF(M5>=90,"A - Hoàn thành xuất sắc",IF(M5>=70,"B - Hoàn thành tốt",IF(M5>=50,"C - Hoàn thành","D - Không hoàn thành"))) -> A - Hoàn thành xuất sắc
A6: =NhanSu!A4 -> CB03 | B6: =NhanSu!B4 -> Lê Văn C | C6: =NhanSu!D4 -> CMNV | D6: =MIN(100,IFERROR(SUMIFS(GiaoViec!$M$2:$M$25,GiaoViec!$B$2:$B$25,$A6,GiaoViec!$A$2:$A$25,$B$1)/SUMIFS(GiaoViec!$L$2:$L$25,GiaoViec!$B$2:$B$25,$A6,GiaoViec!$A$2:$A$25,$B$1)*100,0)) -> 97.701149 | E6: =MIN(100,IFERROR(SUMIFS(GiaoViec!$N$2:$N$25,GiaoViec!$B$2:$B$25,$A6,GiaoViec!$A$2:$A$25,$B$1)/SUMIFS(GiaoViec!$L$2:$L$25,GiaoViec!$B$2:$B$25,$A6,GiaoViec!$A$2:$A$25,$B$1)*100,0)) -> 97.183908 | F6: =MIN(100,IFERROR(SUMIFS(GiaoViec!$O$2:$O$25,GiaoViec!$B$2:$B$25,$A6,GiaoViec!$A$2:$A$25,$B$1)/SUMIFS(GiaoViec!$L$2:$L$25,GiaoViec!$B$2:$B$25,$A6,GiaoViec!$A$2:$A$25,$B$1)*100,0)) -> 96.551724 | J6: =ROUND(IF(C6="LDQL",(D6+E6+F6+G6+H6+I6)/6,(D6+E6+F6)/3),2) -> 97.15 | K6: =VLOOKUP(A6,TieuChiChung!$A$2:$F$9,5,0) -> 27 | L6: =VLOOKUP(A6,TieuChiChung!$A$2:$F$9,6,0) -> 0 | M6: =ROUND(K6+J6*0.7-L6,2) -> 95.01 | N6: =IF(M6>=90,"A - Hoàn thành xuất sắc",IF(M6>=70,"B - Hoàn thành tốt",IF(M6>=50,"C - Hoàn thành","D - Không hoàn thành"))) -> A - Hoàn thành xuất sắc
A7: =NhanSu!A5 -> CB04 | B7: =NhanSu!B5 -> Phạm Thị D | C7: =NhanSu!D5 -> CMNV | D7: =MIN(100,IFERROR(SUMIFS(GiaoViec!$M$2:$M$25,GiaoViec!$B$2:$B$25,$A7,GiaoViec!$A$2:$A$25,$B$1)/SUMIFS(GiaoViec!$L$2:$L$25,GiaoViec!$B$2:$B$25,$A7,GiaoViec!$A$2:$A$25,$B$1)*100,0)) -> 100 | E7: =MIN(100,IFERROR(SUMIFS(GiaoViec!$N$2:$N$25,GiaoViec!$B$2:$B$25,$A7,GiaoViec!$A$2:$A$25,$B$1)/SUMIFS(GiaoViec!$L$2:$L$25,GiaoViec!$B$2:$B$25,$A7,GiaoViec!$A$2:$A$25,$B$1)*100,0)) -> 93.910256 | F7: =MIN(100,IFERROR(SUMIFS(GiaoViec!$O$2:$O$25,GiaoViec!$B$2:$B$25,$A7,GiaoViec!$A$2:$A$25,$B$1)/SUMIFS(GiaoViec!$L$2:$L$25,GiaoViec!$B$2:$B$25,$A7,GiaoViec!$A$2:$A$25,$B$1)*100,0)) -> 100 | J7: =ROUND(IF(C7="LDQL",(D7+E7+F7+G7+H7+I7)/6,(D7+E7+F7)/3),2) -> 97.97 | K7: =VLOOKUP(A7,TieuChiChung!$A$2:$F$9,5,0) -> 26 | L7: =VLOOKUP(A7,TieuChiChung!$A$2:$F$9,6,0) -> 0 | M7: =ROUND(K7+J7*0.7-L7,2) -> 94.58 | N7: =IF(M7>=90,"A - Hoàn thành xuất sắc",IF(M7>=70,"B - Hoàn thành tốt",IF(M7>=50,"C - Hoàn thành","D - Không hoàn thành"))) -> A - Hoàn thành xuất sắc
A8: =NhanSu!A6 -> CB05 | B8: =NhanSu!B6 -> Hoàng Văn E | C8: =NhanSu!D6 -> CMNV | D8: =MIN(100,IFERROR(SUMIFS(GiaoViec!$M$2:$M$25,GiaoViec!$B$2:$B$25,$A8,GiaoViec!$A$2:$A$25,$B$1)/SUMIFS(GiaoViec!$L$2:$L$25,GiaoViec!$B$2:$B$25,$A8,GiaoViec!$A$2:$A$25,$B$1)*100,0)) -> 100 | E8: =MIN(100,IFERROR(SUMIFS(GiaoViec!$N$2:$N$25,GiaoViec!$B$2:$B$25,$A8,GiaoViec!$A$2:$A$25,$B$1)/SUMIFS(GiaoViec!$L$2:$L$25,GiaoViec!$B$2:$B$25,$A8,GiaoViec!$A$2:$A$25,$B$1)*100,0)) -> 100 | F8: =MIN(100,IFERROR(SUMIFS(GiaoViec!$O$2:$O$25,GiaoViec!$B$2:$B$25,$A8,GiaoViec!$A$2:$A$25,$B$1)/SUMIFS(GiaoViec!$L$2:$L$25,GiaoViec!$B$2:$B$25,$A8,GiaoViec!$A$2:$A$25,$B$1)*100,0)) -> 100 | J8: =ROUND(IF(C8="LDQL",(D8+E8+F8+G8+H8+I8)/6,(D8+E8+F8)/3),2) -> 100 | K8: =VLOOKUP(A8,TieuChiChung!$A$2:$F$9,5,0) -> 27 | L8: =VLOOKUP(A8,TieuChiChung!$A$2:$F$9,6,0) -> 0 | M8: =ROUND(K8+J8*0.7-L8,2) -> 97 | N8: =IF(M8>=90,"A - Hoàn thành xuất sắc",IF(M8>=70,"B - Hoàn thành tốt",IF(M8>=50,"C - Hoàn thành","D - Không hoàn thành"))) -> A - Hoàn thành xuất sắc
A9: =NhanSu!A7 -> CB06 | B9: =NhanSu!B7 -> Vũ Thị G | C9: =NhanSu!D7 -> CMNV | D9: =MIN(100,IFERROR(SUMIFS(GiaoViec!$M$2:$M$25,GiaoViec!$B$2:$B$25,$A9,GiaoViec!$A$2:$A$25,$B$1)/SUMIFS(GiaoViec!$L$2:$L$25,GiaoViec!$B$2:$B$25,$A9,GiaoViec!$A$2:$A$25,$B$1)*100,0)) -> 97.680412 | E9: =MIN(100,IFERROR(SUMIFS(GiaoViec!$N$2:$N$25,GiaoViec!$B$2:$B$25,$A9,GiaoViec!$A$2:$A$25,$B$1)/SUMIFS(GiaoViec!$L$2:$L$25,GiaoViec!$B$2:$B$25,$A9,GiaoViec!$A$2:$A$25,$B$1)*100,0)) -> 97.680412 | F9: =MIN(100,IFERROR(SUMIFS(GiaoViec!$O$2:$O$25,GiaoViec!$B$2:$B$25,$A9,GiaoViec!$A$2:$A$25,$B$1)/SUMIFS(GiaoViec!$L$2:$L$25,GiaoViec!$B$2:$B$25,$A9,GiaoViec!$A$2:$A$25,$B$1)*100,0)) -> 97.164948 | J9: =ROUND(IF(C9="LDQL",(D9+E9+F9+G9+H9+I9)/6,(D9+E9+F9)/3),2) -> 97.51 | K9: =VLOOKUP(A9,TieuChiChung!$A$2:$F$9,5,0) -> 26 | L9: =VLOOKUP(A9,TieuChiChung!$A$2:$F$9,6,0) -> 0 | M9: =ROUND(K9+J9*0.7-L9,2) -> 94.26 | N9: =IF(M9>=90,"A - Hoàn thành xuất sắc",IF(M9>=70,"B - Hoàn thành tốt",IF(M9>=50,"C - Hoàn thành","D - Không hoàn thành"))) -> A - Hoàn thành xuất sắc
A10: =NhanSu!A8 -> CB07 | B10: =NhanSu!B8 -> Đỗ Văn H | C10: =NhanSu!D8 -> HTPV | D10: =MIN(100,IFERROR(SUMIFS(GiaoViec!$M$2:$M$25,GiaoViec!$B$2:$B$25,$A10,GiaoViec!$A$2:$A$25,$B$1)/SUMIFS(GiaoViec!$L$2:$L$25,GiaoViec!$B$2:$B$25,$A10,GiaoViec!$A$2:$A$25,$B$1)*100,0)) -> 100 | E10: =MIN(100,IFERROR(SUMIFS(GiaoViec!$N$2:$N$25,GiaoViec!$B$2:$B$25,$A10,GiaoViec!$A$2:$A$25,$B$1)/SUMIFS(GiaoViec!$L$2:$L$25,GiaoViec!$B$2:$B$25,$A10,GiaoViec!$A$2:$A$25,$B$1)*100,0)) -> 100 | F10: =MIN(100,IFERROR(SUMIFS(GiaoViec!$O$2:$O$25,GiaoViec!$B$2:$B$25,$A10,GiaoViec!$A$2:$A$25,$B$1)/SUMIFS(GiaoViec!$L$2:$L$25,GiaoViec!$B$2:$B$25,$A10,GiaoViec!$A$2:$A$25,$B$1)*100,0)) -> 100 | J10: =ROUND(IF(C10="LDQL",(D10+E10+F10+G10+H10+I10)/6,(D10+E10+F10)/3),2) -> 100 | K10: =VLOOKUP(A10,TieuChiChung!$A$2:$F$9,5,0) -> 27 | L10: =VLOOKUP(A10,TieuChiChung!$A$2:$F$9,6,0) -> 0 | M10: =ROUND(K10+J10*0.7-L10,2) -> 97 | N10: =IF(M10>=90,"A - Hoàn thành xuất sắc",IF(M10>=70,"B - Hoàn thành tốt",IF(M10>=50,"C - Hoàn thành","D - Không hoàn thành"))) -> A - Hoàn thành xuất sắc
A11: =NhanSu!A9 -> CB08 | B11: =NhanSu!B9 -> Ngô Thị K | C11: =NhanSu!D9 -> HTPV | D11: =MIN(100,IFERROR(SUMIFS(GiaoViec!$M$2:$M$25,GiaoViec!$B$2:$B$25,$A11,GiaoViec!$A$2:$A$25,$B$1)/SUMIFS(GiaoViec!$L$2:$L$25,GiaoViec!$B$2:$B$25,$A11,GiaoViec!$A$2:$A$25,$B$1)*100,0)) -> 100 | E11: =MIN(100,IFERROR(SUMIFS(GiaoViec!$N$2:$N$25,GiaoViec!$B$2:$B$25,$A11,GiaoViec!$A$2:$A$25,$B$1)/SUMIFS(GiaoViec!$L$2:$L$25,GiaoViec!$B$2:$B$25,$A11,GiaoViec!$A$2:$A$25,$B$1)*100,0)) -> 99.209486 | F11: =MIN(100,IFERROR(SUMIFS(GiaoViec!$O$2:$O$25,GiaoViec!$B$2:$B$25,$A11,GiaoViec!$A$2:$A$25,$B$1)/SUMIFS(GiaoViec!$L$2:$L$25,GiaoViec!$B$2:$B$25,$A11,GiaoViec!$A$2:$A$25,$B$1)*100,0)) -> 99.209486 | J11: =ROUND(IF(C11="LDQL",(D11+E11+F11+G11+H11+I11)/6,(D11+E11+F11)/3),2) -> 99.47 | K11: =VLOOKUP(A11,TieuChiChung!$A$2:$F$9,5,0) -> 26 | L11: =VLOOKUP(A11,TieuChiChung!$A$2:$F$9,6,0) -> 0 | M11: =ROUND(K11+J11*0.7-L11,2) -> 95.63 | N11: =IF(M11>=90,"A - Hoàn thành xuất sắc",IF(M11>=70,"B - Hoàn thành tốt",IF(M11>=50,"C - Hoàn thành","D - Không hoàn thành"))) -> A - Hoàn thành xuất sắc
A13: Ghi chú: d, đ, e chỉ nhập với cán bộ nhóm LDQL (khoản 2 Điều 7): d - kết quả đơn vị (100 nếu 100% cấp dưới hoàn thành trở lên, 50 nếu có người không hoàn thành); đ - tổ chức triển khai (100 nếu đủ, đúng hạn, 50 nếu có tồn tại kéo dài); e - đoàn kết (100 nếu không có phản ánh, 50 nếu có khiếu nại mất đoàn kết).

Sheet ThongKe
A1: KIỂM SOÁT CƠ CẤU XẾP LOẠI (khoản 7 Điều 3 Quy định …-QĐ/TU)
A3: Số cán bộ xếp loại A - Hoàn thành xuất sắc | B3: =COUNTIF(KPI_TongHop!N4:N11,"A*") -> 8
A4: Số cán bộ xếp loại B - Hoàn thành tốt | B4: =COUNTIF(KPI_TongHop!N4:N11,"B*") -> 0
A5: Số cán bộ xếp loại C - Hoàn thành | B5: =COUNTIF(KPI_TongHop!N4:N11,"C*") -> 0
A6: Số cán bộ xếp loại D - Không hoàn thành | B6: =COUNTIF(KPI_TongHop!N4:N11,"D*") -> 0
A7: Trần số lượng loại A (= 20% số loại B, làm tròn xuống) | B7: =ROUNDDOWN(0.2*B4,0) -> 0
A8: KẾT LUẬN | B8: =IF(B3>B7,"VƯỢT TRẦN: phải xét lại theo điểm từ cao xuống thấp","Đạt: trong giới hạn cho phép") -> VƯỢT TRẦN: phải xét lại theo điểm từ cao xuống thấp
A10: Lưu ý: cơ quan ≤ 05 người được chọn 01 cán bộ xếp loại A nếu đủ điều kiện; đơn vị có thành tích nổi trội có thể được nâng trần theo quyết định của cấp có thẩm quyền.
